"","label","id","Interval","classification","acs_occ_code","median_edu","median_earnings","total_employment_2010","log_median_earnings","log_total_employment_2010","auto_prob_average","women_pct"
"1","chief executives and legislators",0,NA,"Management, business, and financial",10,9.080371,117268.13,13052,11.6722183,9.476696658,0.015,0.306
"2","general and operations managers",1,NA,"Management, business, and financial",20,8.40703,76146.92,10896,11.24041991,9.296151028,0.16,0.371
"3","advertising and promotions managers",2,NA,"Management, business, and financial",40,9.132232,64923.06,605,11.08095816,6.405228458,0.039,0.664
"4","marketing and sales managers",3,NA,"Management, business, and financial",50,9.026223,76888.64,9648,11.25011342,9.174505919,0.0135,0.4775
"5","public relations and fundraising managers",4,NA,"Management, business, and financial",60,9.643216,77520.02,597,11.2582915,6.391917113,0.015,0.664
"6","administrative services managers",5,NA,"Management, business, and financial",100,8.123015,59100.09,1512,10.98698773,7.321188557,0.73,0.74
"7","computer and information systems managers",6,NA,"Management, business, and financial",110,9.379449,87511.14,5732,11.37952138,8.653819789,0.035,0.277
"8","financial managers",7,NA,"Management, business, and financial",120,8.82074,75238.09,12334,11.2284129,9.420114956,0.069,0.562
"9","industrial production managers",8,NA,"Management, business, and financial",140,8.056893,67541.11,2865,11.12049173,7.960323629,0.03,0.191
"10","purchasing managers",9,NA,"Management, business, and financial",150,8.756066,65875.21,2308,11.09551747,7.744136628,0.03,0.477
"11","transportation, storage, and distribution managers",10,NA,"Management, business, and financial",160,7.476526,50267.66,2556,10.82511721,7.846198816,0.59,0.214
"12","compensation and benefits managers",11,NA,"Management, business, and financial",135,8.734178,70921.94,237,11.16933511,5.468060141,0.96,0.765
"13","human resources managers",12,NA,"Management, business, and financial",136,8.5980015,64570.47,4704,11.07551246,8.45616849,0.0055,0.765
"14","training and development managers",13,NA,"Management, business, and financial",137,8.915052,59183.19,671,10.98839283,6.508769137,0.0063,0.48
"15","farmers, ranchers, and other agricultural managers",14,NA,"Management, business, and financial",205,6.7858925,14380.66,11611,9.573639527,9.359708204,0.047,0.274
"16","construction managers",15,NA,"Management, business, and financial",220,7.4997478,51594.58,7928,10.85117191,8.978156076,0.071,0.106
"17","education administrators",16,NA,"Management, business, and financial",230,9.887556,57299.2,10841,10.95604194,9.291090522,0.009866667,0.686
"18","architectural and engineering managers",17,NA,"Management, business, and financial",300,9.880886,109816.88,1805,11.60656953,7.498315871,0.017,0.128
"19","food service managers",18,NA,"Management, business, and financial",310,7.0618596,30872.49,9958,10.33762078,9.206131527,0.083,0.467
"20","miscellaneous managers, including funeral service managers and postmasters and mail superintendents",19,NA,"Management, business, and financial",430,8.541722,69312.84,36947,11.14638545,10.51723973,0.5,0.3675
"21","gaming managers",20,NA,"Management, business, and financial",330,7.39726,46877.31,219,10.75528904,5.38907173,0.091,0.375
"22","lodging managers",21,NA,"Management, business, and financial",340,7.8665414,34561.25,1596,10.45048839,7.375255778,0.0039,0.616
"23","medical and health services managers",22,NA,"Management, business, and financial",350,9.013264,69165.3,6484,11.14425457,8.777092883,0.0073,0.718
"24","natural sciences managers",23,NA,"Management, business, and financial",360,10.206294,99219.23,286,11.50508713,5.655991811,0.018,0.718
"25","property, real estate, and community association managers",24,NA,"Management, business, and financial",410,7.988662,43973.99,6262,10.6913536,8.742254902,0.81,0.517
"26","social and community service managers",25,NA,"Management, business, and financial",420,9.2200365,49347.66,3813,10.80664563,8.24617156,0.0067,0.717
"27","emergency management directors",26,NA,"Management, business, and financial",425,8.765766,54940.54,111,10.91400679,4.709530201,0.003,0.3675
"28","agents and business managers of artists, performers, and athletes",27,NA,"Management, business, and financial",500,8.348485,43450.56,462,10.67937902,6.135564891,0.24,0.433
"29","buyers and purchasing agents, farm products",28,NA,"Management, business, and financial",510,6.972414,33419.31,145,10.41688916,4.976733742,0.87,0.576
"30","wholesale and retail buyers, except farm products",29,NA,"Management, business, and financial",520,7.6570797,34071.22,2712,10.43620832,7.905441649,0.29,0.576
"31","purchasing agents, except wholesale, retail, and farm products",30,NA,"Management, business, and financial",530,8.000969,45495.94,3097,10.72537837,8.03818918,0.77,0.519
"32","claims adjusters, appraisers, examiners, and investigators",31,NA,"Management, business, and financial",540,8.249397,44655.07,3320,10.70672313,8.107720062,0.98,0.552
"33","compliance officers",32,NA,"Management, business, and financial",565,8.731972,59097.04,2399,10.98693612,7.782807263,0.08,0.518
"34","cost estimators",33,NA,"Management, business, and financial",600,7.778121,52412.18,1618,10.86689429,7.388946098,0.57,0.177
"35","human resources workers",34,NA,"Management, business, and financial",630,8.656969,48151.37,7390,10.78210487,8.907883014,0.97,0.765
"36","logisticians",35,NA,"Management, business, and financial",700,8.138318,49474.71,1070,10.80921691,6.975413927,0.012,0.387
"37","management analysts",36,NA,"Management, business, and financial",710,9.580358,59196.2,8624,10.98861263,9.062304293,0.13,0.466
"38","meeting, convention, and event planners",37,NA,"Management, business, and financial",725,8.745975,34135.33,1118,10.4380882,7.019296654,0.037,0.692
"39","fundraisers",38,NA,"Management, business, and financial",726,9.381739,45591.23,1150,10.72747065,7.047517221,0,0.749
"40","compensation, benefits, and job analysis specialists",39,NA,"Management, business, and financial",640,8.414005,51137.56,814,10.84227454,6.701960366,0.47,0.782
"41","training and development specialists",40,NA,"Management, business, and financial",650,8.439348,47351.52,1657,10.7653542,7.412764017,0.014,0.567
"42","market research analysts and marketing specialists",41,NA,"Management, business, and financial",735,9.470937,58504.86,2701,10.97686511,7.901377354,0.61,0.617
"43","business operations specialists, all other",42,NA,"Management, business, and financial",740,8.681343,49391.29,2680,10.80752937,7.893572074,0.23,0.577
"44","accountants and auditors",43,NA,"Management, business, and financial",800,9.527542,56232.07,24254,10.93724251,10.09633683,0.94,0.57
"45","appraisers and assessors of real estate",44,NA,"Management, business, and financial",810,8.464438,33432.7,1167,10.41728974,7.062191632,0.9,0.342
"46","budget analysts",45,NA,"Management, business, and financial",820,9.242857,62570.71,630,11.04405256,6.445719819,0.94,0.439
"47","credit analysts",46,NA,"Management, business, and financial",830,9.031468,52667.48,286,10.87175347,5.655991811,0.98,0.439
"48","financial analysts",47,NA,"Management, business, and financial",840,9.914438,97502.34,935,11.48763166,6.840546529,0.23,0.439
"49","personal financial advisors",48,NA,"Management, business, and financial",850,9.683702,84990.23,3835,11.35029159,8.251924714,0.58,0.326
"50","insurance underwriters",49,NA,"Management, business, and financial",860,8.502655,57190.74,1130,10.95414728,7.029972912,0.99,0.569
"51","financial examiners",50,NA,"Management, business, and financial",900,9.522876,76006.54,153,11.23857467,5.030437921,0.17,0.516
"52","credit counselors and loan officers",51,NA,"Management, business, and financial",910,8.398944,53003.02,3597,10.87810417,8.187855444,0.51,0.516
"53","tax examiners and collectors, and revenue agents",52,NA,"Management, business, and financial",930,8.304627,40103.05,778,10.59920767,6.656726524,0.93,0.608
"54","tax preparers",53,NA,"Management, business, and financial",940,8.296499,19707.55,1828,9.88875709,7.510977752,0.99,0.663
"55","financial specialists, all other",54,NA,"Management, business, and financial",950,8.862531,69242.55,822,11.14537084,6.711740395,0.33,0.578
"56","computer and information research scientists",55,NA,"Computer, engineering, and science",1005,10.028986,76912.56,207,11.25042447,5.332718793,0.015,0.193
"57","computer systems analysts",56,NA,"Computer, engineering, and science",1006,9.306789,66261.58,5199,11.10136552,8.556221578,0.0065,0.378
"58","information security analysts",57,NA,"Computer, engineering, and science",1007,8.935606,73613.45,528,11.20658303,6.269096284,0,0.193
"59","computer programmers",58,NA,"Computer, engineering, and science",1010,9.250469,63865.8,5326,11.06453929,8.580355766,0.48,0.215
"60","software developers, applications and systems software",59,NA,"Computer, engineering, and science",1020,9.795245,81013.96,9338,11.30237676,9.141847376,0.086,0.356666666666667
"61","web developers",60,NA,"Computer, engineering, and science",1030,8.946849,38879.75,1825,10.56822883,7.509335266,0,0.194
"62","database administrators",61,NA,"Computer, engineering, and science",1060,9.129059,62354.03,1232,11.04058358,7.116394144,0.03,0.308
"63","network and computer systems administrators",62,NA,"Computer, engineering, and science",1105,8.528857,58390.18,2547,10.974903,7.842671475,0.03,0.167
"64","computer network architects",63,NA,"Computer, engineering, and science",1106,8.91446,84718.84,982,11.34709329,6.889591308,0,0.077
"65","computer support specialists",64,NA,"Computer, engineering, and science",1050,8.204214,45949.9,5837,10.73530695,8.671972245,0,0.262
"66","computer occupations, all other",65,NA,"Computer, engineering, and science",1107,8.418497,54722.68,3460,10.91003353,8.149023868,0,0.26
"67","actuaries",66,NA,"Computer, engineering, and science",1200,10.285714,119131.71,287,11.68798497,5.659482216,0.21,0.507
"68","miscellaneous mathematical science occupations, including mathematicians and statisticians",67,NA,"Computer, engineering, and science",1240,10.141684,72238.85,487,11.18773327,6.188264123,0.419,0.507
"69","operations research analysts",68,NA,"Computer, engineering, and science",1220,9.329037,69957.94,1474,11.15564948,7.295735073,0.035,0.55
"70","architects, except naval",69,NA,"Architecture and engineering",1300,10.033209,53218.65,2138,10.88216418,7.667626092,0.0315,0.31
"71","surveyors, cartographers, and photogrammetrists",70,NA,"Architecture and engineering",1310,9.469008,42837.05,484,10.66515866,6.182084907,0.63,0.169
"72","aerospace engineers",71,NA,"Architecture and engineering",1320,9.835132,86065.85,1668,11.36286798,7.419380583,0.017,0.152
"73","biomedical and agricultural engineers",72,NA,"Architecture and engineering",1340,9.6,68559.29,140,11.1354542,4.941642423,0.2635,0.216
"74","chemical engineers",73,NA,"Architecture and engineering",1350,9.905688,88068.11,668,11.38586577,6.504288174,0.017,0.216
"75","civil engineers",74,NA,"Architecture and engineering",1360,9.806516,70959.76,3530,11.16986823,8.16905315,0.019,0.169
"76","computer hardware engineers",75,NA,"Architecture and engineering",1400,9.410606,74924.73,660,11.22423929,6.492239835,0.22,0.059
"77","electrical and electronics engineers",76,NA,"Architecture and engineering",1410,9.622213,78054.11,2647,11.26515758,7.881182202,0.0625,0.116
"78","environmental engineers",77,NA,"Architecture and engineering",1420,10.017291,72821.9,347,11.19577201,5.84932478,0.018,0.216
"79","industrial engineers, including health and safety",78,NA,"Architecture and engineering",1430,9.31282,65319.13,2145,11.08704023,7.670894831,0.0285,0.246
"80","marine engineers and naval architects",79,NA,"Architecture and engineering",1440,9.3046875,67639.84,128,11.12195244,4.852030264,0.01,0.246
"81","materials engineers",80,NA,"Architecture and engineering",1450,9.445844,70232.24,397,11.15956274,5.983936281,0.021,0.135
"82","mechanical engineers",81,NA,"Architecture and engineering",1460,9.401632,65171.51,2450,11.08477769,7.803843304,0.011,0.101
"83","petroleum, mining and geological engineers, including mining safety engineers",82,NA,"Architecture and engineering",1520,9.581395,106322.87,387,11.57423569,5.958424693,0.15,0.101
"84","miscellaneous engineers, including nuclear engineers",83,NA,"Architecture and engineering",1530,9.735707,75302.67,5055,11.22927087,8.528133131,0.042,0.154
"85","drafters",84,NA,"Architecture and engineering",1540,7.863737,37027.38,2253,10.51941292,7.72001794,0.67,0.205
"86","engineering technicians, except drafters",85,NA,"Architecture and engineering",1550,7.297158,42996.23,5031,10.66886772,8.52337405,0.42,0.1445
"87","surveying and mapping technicians",86,NA,"Architecture and engineering",1560,6.917943,33039.29,914,10.40545274,6.817830571,0.96,0.12
"88","agricultural and food scientists",87,NA,"Life, physical and social science",1600,9.696202,45684.3,395,10.72950997,5.978885765,0.053,0.55
"89","biological scientists",88,NA,"Life, physical and social science",1610,10.359375,50163.88,960,10.82305052,6.866933284,0.0885,0.55
"90","conservation scientists and foresters",89,NA,"Life, physical and social science",1640,9.762162,44812.59,370,10.71024441,5.913503006,0.01205,0.55
"91","medical scientists, and life scientists, all other",90,NA,"Life, physical and social science",1650,10.856101,73924.4,1508,11.21079823,7.318539549,0.10225,0.518
"92","astronomers and physicists",91,NA,"Life, physical and social science",1700,10.575,77462.5,160,11.25754923,5.075173815,0.0705,0.36
"93","atmospheric and space scientists",92,NA,"Life, physical and social science",1710,9.764706,68478.43,102,11.13427408,4.624972813,0.67,0.36
"94","chemists and materials scientists",93,NA,"Life, physical and social science",1720,10.237145,65264.32,953,11.08620076,6.859614904,0.0605,0.36
"95","environmental scientists and geoscientists",94,NA,"Life, physical and social science",1740,10.35443,71877.79,869,11.18272259,6.767343125,0.225666667,0.431
"96","physical scientists, all other",95,NA,"Life, physical and social science",1760,10.659477,66956.46,2179,11.11179784,7.686621335,0.43,0.431
"97","economists",96,NA,"Life, physical and social science",1800,10.689321,100266.93,309,11.51559121,5.733341277,0.43,0.498
"98","miscellaneous social scientists, including survey researchers and sociologists",97,NA,"Life, physical and social science",1860,10.086384,44662.24,683,10.70688368,6.52649486,0.152242857,0.539
"99","psychologists",98,NA,"Life, physical and social science",1820,10.910127,42038.39,2281,10.64633853,7.732369222,0.007,0.8315
"100","urban and regional planners",99,NA,"Life, physical and social science",1840,10.328,61278.8,250,11.02318922,5.521460918,0.13,0.539
"101","agricultural and food science technicians",100,NA,"Life, physical and social science",1900,7.2265625,31023.2,384,10.34249059,5.950642553,0.97,0.55
"102","biological technicians",101,NA,"Life, physical and social science",1910,8.455173,35797.38,290,10.48562999,5.669880923,0.3,0.35
"103","chemical technicians",102,NA,"Life, physical and social science",1920,7.689531,42492.92,831,10.65709275,6.722629795,0.57,0.35
"104","geological and petroleum technicians, and nuclear technicians",103,NA,"Life, physical and social science",1930,7.4763947,54204.72,233,10.90052327,5.451038454,0.88,0.431
"105","miscellaneous life, physical, and social science technicians, including social science research assistants",104,NA,"Life, physical and social science",1965,7.970417,25717.75,2231,10.15493669,7.710205194,0.4919,0.3825
"106","counselors",105,NA,"Community and social service",2000,9.643834,31666.52,8336,10.36301525,9.028338764,0.01394,0.7605
"107","social workers",106,NA,"Community and social service",2010,9.566706,35263.19,9317,10.47059492,9.139595967,0.011533333,0.834
"108","miscellaneous community and social service specialists, including health educators and community health workers",107,NA,"Community and social service",2025,8.598006,33835.99,1204,10.42928031,7.093404626,0.045,0.71
"109","probation officers and correctional treatment specialists",108,NA,"Community and social service",2015,9.391098,44139.06,1056,10.69510038,6.962243464,0.25,0.574
"110","social and human service assistants",109,NA,"Community and social service",2016,7.997764,27148.17,1789,10.20906492,7.489412084,0.13,0.753
"111","clergy",110,NA,"Community and social service",2040,9.695538,34854.07,5669,10.4589252,8.642768014,0.0081,0.214
"112","directors, religious activities and education",111,NA,"Community and social service",2050,8.9844475,26586.94,643,10.1881754,6.466144724,0.025,0.673
"113","lawyers, and judges, magistrates, and other judicial workers",112,NA,"Legal",2100,10.898983,107548.76,12394,11.58569961,9.424967764,0.28375,0.43
"114","judicial law clerks",113,NA,"Legal",2105,10.5,41127.54,248,10.62443325,5.513428746,0.41,0.43
"115","paralegals and legal assistants",114,NA,"Legal",2145,8.394971,37240.31,4494,10.52514706,8.410498453,0.94,0.83
"116","miscellaneous legal support workers",115,NA,"Legal",2160,8.147727,36862.03,2728,10.5149373,7.911324019,0.745,0.608
"117","postsecondary teachers",116,NA,"Education, training and library",2200,10.523713,47086.26,17311,10.75973652,9.759097417,0,0.466
"118","preschool and kindergarten teachers",117,NA,"Education, training and library",2300,8.270549,18006.99,7093,9.798515295,8.866863661,0.0787,0.967
"119","elementary and middle school teachers",118,NA,"Education, training and library",2310,10.303988,38116.46,46959,10.54840149,10.75703016,0.1448,0.786
"120","secondary school teachers",119,NA,"Education, training and library",2320,10.321009,41267.99,10386,10.62784242,9.248214024,0.0083,0.569
"121","special education teachers",120,NA,"Education, training and library",2330,10.021315,37935.15,2815,10.5436334,7.942717541,0.01185,0.866
"122","other teachers and instructors",121,NA,"Education, training and library",2340,8.515562,20212.87,11663,9.914074809,9.364176717,0.16,0.6645
"123","archivists, curators, and museum technicians",122,NA,"Education, training and library",2400,9.651488,36669.89,571,10.50971126,6.34738921,0.452266667,0.632
"124","librarians",123,NA,"Education, training and library",2430,10.049743,34674.53,2332,10.45376069,7.754481547,0.65,0.825
"125","library technicians",124,NA,"Education, training and library",2440,7.236911,12503.55,764,9.433767883,6.638567789,0.99,0.825
"126","other education, training, and library workers",125,NA,"Education, training and library",2550,9.753482,35466.43,1436,10.47634189,7.26961675,0.1339,0.788
"127","teacher assistants",126,NA,"Education, training and library",2540,7.2731705,13429.09,14361,9.505178528,9.572271478,0.56,0.795
"128","artists and related workers",127,NA,"Arts, design, entertainment, sports and media",2600,8.5553055,21340.73,2667,9.968372732,7.888709524,0.02875,0.516
"129","designers",128,NA,"Arts, design, entertainment, sports and media",2630,8.485339,30985.32,9379,10.34126882,9.146228427,0.099214286,0.6805
"130","actors",129,NA,"Arts, design, entertainment, sports and media",2700,8.114552,17774.12,646,9.785498746,6.470799504,0.37,0.47
"131","producers and directors",130,NA,"Arts, design, entertainment, sports and media",2710,9.252163,56541.3,1618,10.94272662,7.388946098,0.022,0.436
"132","athletes, coaches, umpires, and related workers",131,NA,"Arts, design, entertainment, sports and media",2720,7.59493,18908.94,3787,9.847390105,8.239329428,0.424333333,0.409
"133","dancers and choreographers",132,NA,"Arts, design, entertainment, sports and media",2740,6.5559845,13422.01,259,9.504651176,5.556828062,0.067,0.47
"134","musicians, singers, and related workers",133,NA,"Arts, design, entertainment, sports and media",2750,8.359951,16314.04,2467,9.699781366,7.810758117,0.0445,0.271
"135","announcers",134,NA,"Arts, design, entertainment, sports and media",2800,7.752809,29437.34,623,10.29001922,6.434546519,0.41,0.513
"136","news analysts, reporters and correspondents",135,NA,"Arts, design, entertainment, sports and media",2810,9.591287,42943.24,964,10.66763452,6.871091295,0.0885,0.513
"137","public relations specialists",136,NA,"Arts, design, entertainment, sports and media",2825,9.3930025,56051.69,1715,10.93402958,7.44716836,0.18,0.762
"138","editors",137,NA,"Arts, design, entertainment, sports and media",2830,9.572792,40199.77,2095,10.60161655,7.647308832,0.055,0.566
"139","technical writers",138,NA,"Arts, design, entertainment, sports and media",2840,9.440095,48492.43,843,10.78916298,6.736966958,0.89,0.538
"140","writers and authors",139,NA,"Arts, design, entertainment, sports and media",2850,9.716164,30752.27,2586,10.33371909,7.857867559,0.038,0.538
"141","miscellaneous media and communication workers",140,NA,"Arts, design, entertainment, sports and media",2860,8.490231,22152.62,1126,10.00571105,7.026426809,0.38,0.744
"142","broadcast and sound engineering technicians and radio operators, and media and communication equipment workers, all other",141,NA,"Arts, design, entertainment, sports and media",2900,7.7022133,34407.79,994,10.44603827,6.901737207,0.6,0.122
"143","photographers",142,NA,"Arts, design, entertainment, sports and media",2910,8.082272,15248.11,1884,9.63221084,7.541152455,0.021,0.485
"144","television, video, and motion picture camera operators and editors",143,NA,"Arts, design, entertainment, sports and media",2920,8.4438095,32355.07,525,10.38452601,6.263398263,0.455,0.188
"145","chiropractors",144,NA,"Healthcare practitioners and technical ",3000,10.866667,51441.03,585,10.84819138,6.371611847,0.027,0.411
"146","dentists",145,NA,"Healthcare practitioners and technical ",3010,10.975898,103485.67,1950,11.54718843,7.575584652,0.010333333,0.395
"147","dietitians and nutritionists",146,NA,"Healthcare practitioners and technical ",3030,9.413145,33422.58,1065,10.416987,6.970730078,0.0039,0.863
"148","optometrists",147,NA,"Healthcare practitioners and technical ",3040,10.949153,67947.7,413,11.12649357,6.023447593,0.14,0.839
"149","pharmacists",148,NA,"Healthcare practitioners and technical ",3050,10.368301,85751.44,3079,11.35920816,8.032360148,0.012,0.578
"150","physicians and surgeons",149,NA,"Healthcare practitioners and technical ",3060,10.958114,164028.34,9669,12.0077945,9.17668017,0,0.3275
"151","physician assistants",150,NA,"Healthcare practitioners and technical ",3110,9.6944685,62831.27,1175,11.04820816,7.069023427,0.14,0.688
"152","podiatrists",151,NA,"Healthcare practitioners and technical ",3120,10.98,84714,100,11.34703616,4.605170186,0.0046,0.839
"153","occupational therapists",152,NA,"Healthcare practitioners and technical ",3150,10.132173,48020.06,976,10.77937412,6.883462586,0.0035,0.886
"154","physical therapists",153,NA,"Healthcare practitioners and technical ",3160,10.24609,57031.18,2174,10.95135341,7.684324068,0.021,0.675
"155","radiation therapists",154,NA,"Healthcare practitioners and technical ",3200,8.793333,72232.67,150,11.18764772,5.010635294,0.34,0.839
"156","recreational therapists",155,NA,"Healthcare practitioners and technical ",3210,8.819876,28535.78,161,10.25891402,5.081404365,0.0028,0.839
"157","respiratory therapists",156,NA,"Healthcare practitioners and technical ",3220,8.368683,46694.78,1207,10.75138766,7.095893221,0.066,0.624
"158","speech-language pathologists",157,NA,"Healthcare practitioners and technical ",3230,10.8475485,46595.41,1489,10.74925732,7.305860033,0.0064,0.943
"159","other therapists, including exercise physiologists",158,NA,"Healthcare practitioners and technical ",3245,10.012939,33460.93,1623,10.41813377,7.392031568,0,0.839
"160","veterinarians",159,NA,"Healthcare practitioners and technical ",3250,10.938733,68860.06,963,11.13983161,6.870053412,0.038,0.691
"161","registered nurses",160,NA,"Healthcare practitioners and technical ",3255,9.047441,51315.11,31935,10.84574053,10.37145787,0,0.874
"162","nurse anesthetists",161,NA,"Healthcare practitioners and technical ",3256,10.463768,135249.64,276,11.81487754,5.620400866,0,0.874
"163","nurse practitioners and nurse midwives",162,NA,"Healthcare practitioners and technical ",3258,10.821265,74393.82,1091,11.21712815,6.994849986,0,0.898
"164","audiologists",163,NA,"Healthcare practitioners and technical ",3140,10.856287,54477.84,167,10.90554929,5.117993812,0.0033,0.839
"165","health diagnosing and treating practitioners, all other",164,NA,"Healthcare practitioners and technical ",3260,10.068826,19661.13,247,9.886398869,5.509388337,0.02,0.3275
"166","clinical laboratory technologists and technicians",165,NA,"Healthcare practitioners and technical ",3300,8.673439,38841.91,3987,10.5672551,8.290794347,0.685,0.763
"167","dental hygienists",166,NA,"Healthcare practitioners and technical ",3310,8.576014,38870.11,1776,10.56798085,7.482118924,0.68,0.957
"168","diagnostic related technologists and technicians",167,NA,"Healthcare practitioners and technical ",3320,8.019469,45378.31,3544,10.72278952,8.173011312,0.236666667,0.732
"169","emergency medical technicians and paramedics",168,NA,"Healthcare practitioners and technical ",3400,7.327189,37213.5,1953,10.52442688,7.577121931,0.049,0.3445
"170","health practitioner support technologists and technicians",169,NA,"Healthcare practitioners and technical ",3420,7.3345246,24933.63,5877,10.12397277,8.678801707,0.260333333,0.7786
"171","licensed practical and licensed vocational nurses",170,NA,"Healthcare practitioners and technical ",3500,6.9598856,30468.43,8027,10.32444634,8.990566138,0.058,0.887
"172","medical records and health information technicians",171,NA,"Healthcare practitioners and technical ",3510,7.153379,24735.21,1317,10.11598301,7.183111702,0.91,0.889
"173","opticians, dispensing",172,NA,"Healthcare practitioners and technical ",3520,7.196918,30479.85,584,10.32482109,6.369900983,0.71,0.839
"174","miscellaneous health technologists and technicians",173,NA,"Healthcare practitioners and technical ",3535,7.693166,37720.87,1434,10.5379688,7.268223021,0.0035,0.727
"175","other healthcare practitioners and technical occupations",174,NA,"Healthcare practitioners and technical ",3540,8.995825,49143.94,958,10.80250882,6.864847778,0.142366667,0.667
"176","nursing, psychiatric, and home health aides",175,NA,"Healthcare support",3600,6.3782077,17408.19,26422,9.764696064,10.18195228,0.43,0.7765
"177","occupational therapy assistants and aides",176,NA,"Healthcare support",3610,8.09816,35678.77,163,10.48231111,5.093750201,0.149,0.687
"178","physical therapist assistants and aides",177,NA,"Healthcare support",3620,7.9751477,27441.37,845,10.21980701,6.739336627,0.314,0.687
"179","massage therapists",178,NA,"Healthcare support",3630,7.6409035,11055.9,1682,9.310719501,7.427738841,0.54,0.837
"180","dental assistants",179,NA,"Healthcare support",3640,6.9372225,21863.23,3154,9.992561509,8.056426768,0.51,0.928
"181","medical assistants",180,NA,"Healthcare support",3645,7.058679,21405.12,4482,9.971385425,8.407824654,0.3,0.888
"182","healthcare support workers, all other, including medical equipment preparers",181,NA,"Healthcare support",3655,6.4663887,19733.27,1919,9.890061323,7.559559496,0.78,0.721
"183","medical transcriptionists",182,NA,"Healthcare support",3646,7.4133635,19543.84,883,9.880415426,6.783325201,0.89,0.888
"184","pharmacy aides",183,NA,"Healthcare support",3647,7.2313576,21141.24,523,9.958980914,6.259581464,0.72,0.888
"185","veterinary assistants and laboratory animal caretakers",184,NA,"Healthcare support",3648,6.9911504,13065.42,565,9.477724324,6.336825731,0.86,0.796
"186","phlebotomists",185,NA,"Healthcare support",3649,7.020388,22484.92,1030,10.02060014,6.937314081,0,0.903
"187","first-line supervisors of correctional officers",186,NA,"Protective service",3700,7.5340376,46302.78,852,10.74295728,6.747586527,0.025,0.359
"188","first-line supervisors of police and detectives",187,NA,"Protective service",3710,8.228378,67864.66,1480,11.12527071,7.299797367,0.0044,0.105
"189","first-line supervisors of fire fighting and prevention workers",188,NA,"Protective service",3720,7.758514,70343.59,646,11.16114694,6.470799504,0.0036,0.143
"190","firefighters",189,NA,"Protective service",3740,7.3985505,54774.79,3174,10.91098533,8.062747901,0.17,0.039
"191","fire inspectors",190,NA,"Protective service",3750,7.669456,41875.61,239,10.64245884,5.476463552,0.264,0.039
"192","bailiffs, correctional officers, and jailers",191,NA,"Protective service",3800,6.9853373,38591.07,5115,10.56077618,8.539932678,0.48,0.339
"193","detectives and criminal investigators",192,NA,"Protective service",3820,8.635105,62523.15,1373,11.04329217,7.224753406,0.34,0.263
"194","miscellaneous law enforcement workers",193,NA,"Protective service",3840,7.42029,28552.9,138,10.25951379,4.927253685,0.46,0.339
"195","police officers",194,NA,"Protective service",3850,7.853462,54088.8,7336,10.89838242,8.900549014,0.334,0.144
"196","animal control workers",195,NA,"Protective service",3900,7.025862,34883.62,116,10.45977266,4.753590191,0.21,0.339
"197","private detectives and investigators",196,NA,"Protective service",3910,8.57339,43226.04,947,10.67419837,6.853299093,0.31,0.43
"198","security guards and gaming surveillance officers",197,NA,"Protective service",3930,6.8085165,22920.44,11249,10.03978437,9.328034515,0.895,0.249
"199","crossing guards",198,NA,"Protective service",3940,6.031646,10940.56,948,9.300232263,6.854354502,0.49,0.558
"200","lifeguards and other recreational, and all other protective service workers",199,NA,"Protective service",3955,6.110964,6277.8,3776,8.74477488,8.236420527,0.67,0.457
"201","transportation security screeners",200,NA,"Protective service",3945,7.357377,30890.26,305,10.3381962,5.720311777,0,0.339
"202","chefs and head cooks",201,NA,"Food preparation and serving",4000,6.4393983,25486.52,3457,10.14590496,8.14815644,0.1,0.233
"203","first-line supervisors of food preparation and serving workers",202,NA,"Food preparation and serving",4010,6.60956,21105.55,6088,9.957291318,8.7140749,0.63,0.535
"204","cooks",203,NA,"Food preparation and serving",4020,5.613839,10973.47,27025,9.30323582,10.20451764,0.885,0.398
"205","food preparation workers",204,NA,"Food preparation and serving",4030,5.8236084,8264.1,10437,9.019676111,9.253112464,0.87,0.587
"206","bartenders",205,NA,"Food preparation and serving",4040,6.9407525,14902.28,4439,9.6092695,8.398184405,0.77,0.508
"207","combined food preparation and serving workers, including fast food",206,NA,"Food preparation and serving",4050,5.877736,8796.35,4523,9.082092142,8.416930769,0.92,0.663
"208","counter attendants, cafeteria, food concession, and coffee shop",207,NA,"Food preparation and serving",4060,5.7730412,4928.73,3472,8.502836627,8.152486076,0.96,0.663
"209","waiters and waitresses",208,NA,"Food preparation and serving",4110,6.447832,10075.33,25188,9.217845141,10.13412297,0.94,0.688
"210","food servers, nonrestaurant",209,NA,"Food preparation and serving",4120,6.0626554,12310.07,2410,9.418172906,7.787382026,0.86,0.692
"211","miscellaneous food preparation and serving related workers, including dining room and cafeteria attendants and bartender helpers",210,NA,"Food preparation and serving",4130,5.5947127,7516.26,4577,8.924823953,8.428799041,0.91,0.433
"212","dishwashers",211,NA,"Food preparation and serving",4140,5.025561,6513.26,4147,8.781595378,8.33014046,0.77,0.231
"213","hosts and hostesses, restaurant, lounge, and coffee shop",212,NA,"Food preparation and serving",4150,6.1711273,5562.12,3699,8.62373461,8.215817792,0.97,0.865
"214","first-line supervisors of housekeeping and janitorial workers",213,NA,"Food preparation and serving",4200,6.343762,27351.69,2621,10.2165336,7.871311203,0.94,0.441
"215","first-line supervisors of landscaping, lawn service, and groundskeeping workers",214,NA,"Food preparation and serving",4210,6.560168,26939.42,2144,10.20134592,7.670428522,0.57,0.08
"216","janitors and building cleaners",215,NA,"Food preparation and serving",4220,5.6706467,15925.68,31741,9.67568818,10.3653645,0.66,0.387
"217","maids and housekeeping cleaners",216,NA,"Food preparation and serving",4230,5.200033,8997.58,18197,9.104710931,9.809012024,0.69,0.884
"218","pest control workers",217,NA,"Food preparation and serving",4240,6.484,26579.04,750,10.18787821,6.620073207,0.66,0.051
"219","grounds maintenance workers",218,NA,"Food preparation and serving",4250,5.4671392,11032.65,16935,9.308614337,9.737137765,0.896666667,0.0515
"220","first-line supervisors of gaming workers",219,NA,"Personal care and service ",4300,7.5611906,32769.07,907,10.39724036,6.81014245,0.41,0.402
"221","first-line supervisors of personal service workers",220,NA,"Personal care and service ",4320,7.314898,24543.45,2007,10.1082003,7.604396349,0.076,0.658
"222","animal trainers",221,NA,"Personal care and service ",4340,7.058608,14694.8,546,9.595248969,6.302618976,0.1,0.691
"223","nonfarm animal caretakers",222,NA,"Personal care and service ",4350,6.6545,9781.34,2411,9.188231768,7.787796878,0.82,0.76
"224","gaming services workers",223,NA,"Personal care and service ",4400,6.663134,25957.02,1321,10.16419737,7.186144305,0.935,0.402
"225","motion picture projectionists",224,NA,"Arts, design, entertainment, sports and media",4410,7,13981.4,114,9.545483154,4.736198448,0.97,0.429
"226","ushers, lobby attendants, and ticket takers",225,NA,"Personal care and service ",4420,6.567365,5136.32,668,8.544092149,6.504288174,0.96,0.429
"227","miscellaneous entertainment attendants and related workers",226,NA,"Personal care and service ",4430,6.5547323,8133.93,2969,9.003799481,7.995980475,0.586666667,0.429
"228","embalmers and funeral attendants",227,NA,"Personal care and service ",4460,6.9333334,18585.1,210,9.830115463,5.347107531,0.455,0.7765
"229","morticians, undertakers, and funeral directors",228,NA,"Personal care and service ",4465,8.160896,40100.77,491,10.59915082,6.196444128,0,0.7765
"230","barbers",229,NA,"Personal care and service ",4500,5.973708,7730.17,1103,8.952886134,7.005789019,0.8,0.284
"231","hairdressers, hairstylists, and cosmetologists",230,NA,"Personal care and service ",4510,6.4043646,10858.46,8752,9.292699779,9.077037525,0.11,0.921
"232","miscellaneous personal appearance workers",231,NA,"Personal care and service ",4520,6.0148177,11553.85,2767,9.354773994,7.92551898,0.51,0.9125
"233","baggage porters, bellhops, and concierges",232,NA,"Personal care and service ",4530,6.749395,20376.85,826,9.922154732,6.716594774,0.52,0.291
"234","tour and travel guides",233,NA,"Personal care and service ",4540,7.669666,9361.75,778,9.144387518,6.656726524,0.4835,0.482
"235","childcare workers",234,NA,"Personal care and service ",4600,6.430994,6401.64,18752,8.764309487,9.839055692,0.084,0.938
"236","personal care aides",235,NA,"Personal care and service ",4610,6.268602,11834.58,13023,9.378781033,9.474472304,0.74,0.607
"237","recreation and fitness workers",236,NA,"Personal care and service ",4620,7.416795,12290.6,5859,9.416590022,8.67573422,0.04555,0.578
"238","residential advisors",237,NA,"Personal care and service ",4640,7.3068323,12558.2,805,9.438129118,6.690842277,0.064,0.607
"239","first-line supervisors of retail sales workers",238,NA,"Sales and related",4700,7.2437315,35069.04,34259,10.46507397,10.44170458,0.28,0.446
"240","first-line supervisors of non-retail sales workers",239,NA,"Sales and related",4710,7.8209267,60387.74,13447,11.00854138,9.506511312,0.075,0.359
"241","cashiers",240,NA,"Sales and related",4720,6.1983056,9348.89,46156,9.143012899,10.73978224,0.9,0.698
"242","counter and rental clerks",241,NA,"Sales and related",4740,6.5264516,14265.39,1550,9.565591603,7.34601021,0.97,0.387
"243","parts salespersons",242,NA,"Sales and related",4750,6.4394298,26968.52,1263,10.20242554,7.141245122,0.98,0.229
"244","retail salespersons",243,NA,"Sales and related",4760,7.06402,18787,44767,9.84092042,10.70922654,0.92,0.492
"245","advertising sales agents",244,NA,"Sales and related",4800,8.397845,48409.51,2599,10.78745156,7.862882035,0.54,0.527
"246","insurance sales agents",245,NA,"Sales and related",4810,8.269414,47110.04,6310,10.76024142,8.749890956,0.92,0.549
"247","securities, commodities, and financial services sales agents",246,NA,"Sales and related",4820,9.061688,88665.99,3388,11.39263167,8.127995056,0.016,0.246
"248","travel agents",247,NA,"Sales and related",4830,7.84806,22552.37,928,10.02359544,6.833031733,0.099,0.797
"249","sales representatives, services, all other",248,NA,"Sales and related",4840,8.095743,51891.81,7165,10.85691625,8.87696334,0,0.316
"250","sales representatives, wholesale and manufacturing",249,NA,"Sales and related",4850,8.128997,57359.46,16388,10.95709306,9.704304639,0.55,0.279
"251","models, demonstrators, and product promoters",250,NA,"Sales and related",4900,6.6984534,8772.51,1164,9.079378247,7.059617628,0.745,0.316
"252","real estate brokers and sales agents",251,NA,"Sales and related",4920,8.284383,26717.01,9976,10.19305572,9.207937487,0.915,0.57
"253","sales engineers",252,NA,"Sales and related",4930,9.283545,85808.86,395,11.35987754,5.978885765,0.0041,0.57
"254","telemarketers",253,NA,"Sales and related",4940,6.6250596,10450.84,2099,9.254437637,7.64921632,0.99,0.57
"255","door-to-door sales workers, news and street vendors, and related workers",254,NA,"Sales and related",4950,6.600703,7987.31,2562,8.985609311,7.848543482,0.94,0.552
"256","first-line supervisors of office and administrative support workers",255,NA,"Office and administrative support",5000,7.6973677,42186.11,16753,10.6498463,9.726332626,0.014,0.658
"257","switchboard operators, including answering service",256,NA,"Office and administrative support",5010,6.673585,17287.89,530,9.757761535,6.272877007,0.96,0.544
"258","telephone operators",257,NA,"Office and administrative support",5020,6.851852,20340.69,648,9.920378592,6.473890696,0.97,0.544
"259","bill and account collectors",258,NA,"Office and administrative support",5100,7.023201,25205.75,2543,10.13482742,7.841099765,0.95,0.712
"260","billing and posting clerks",259,NA,"Office and administrative support",5110,7.0989995,25780.95,5798,10.15739113,8.665268309,0.96,0.914
"261","bookkeeping, accounting, and auditing clerks",260,NA,"Office and administrative support",5120,7.058901,25381.16,18217,10.14176245,9.810110503,0.98,0.862
"262","gaming cage workers",261,NA,"Office and administrative support",5130,6.519737,18902.63,152,9.847056345,5.023880521,0.39,0.544
"263","payroll and timekeeping clerks",262,NA,"Office and administrative support",5140,7.169267,29522.03,2115,10.29289204,7.656810091,0.97,0.882
"264","procurement clerks",263,NA,"Office and administrative support",5150,7.5433674,41437.5,392,10.63194155,5.97126184,0.98,0.544
"265","tellers",264,NA,"Office and administrative support",5160,7.0477843,16794,5190,9.728776959,8.554488976,0.98,0.789
"266","brokerage clerks",265,NA,"Office and administrative support",5200,7.7674417,36562.4,129,10.50677567,4.859812404,0.98,0.719
"267","correspondence clerks and order clerks",266,NA,"Office and administrative support",5350,6.778752,20437.09,1939,9.925106666,7.569927655,0.92,0.719
"268","court, municipal, and license clerks",267,NA,"Office and administrative support",5220,7.2797565,28511.78,1151,10.25807261,7.048386409,0.46,0.719
"269","credit authorizers, checkers, and clerks",268,NA,"Office and administrative support",5230,7.3384852,36295.78,647,10.49945676,6.472346295,0.97,0.719
"270","customer service representatives",269,NA,"Office and administrative support",5240,7.125244,22897.73,27131,10.03879306,10.20843226,0.55,0.653
"271","eligibility interviewers, government programs",270,NA,"Office and administrative support",5250,8.097503,35938.88,841,10.489575,6.73459166,0.7,0.797
"272","file clerks",271,NA,"Office and administrative support",5260,6.960863,17380.12,5468,9.763082303,8.606668198,0.97,0.76
"273","hotel, motel, and resort desk clerks",272,NA,"Office and administrative support",5300,6.953693,13152.95,1706,9.484401347,7.441906728,0.94,0.675
"274","interviewers, except eligibility and loan",273,NA,"Office and administrative support",5310,7.6819825,13508.15,3591,9.511048486,8.186185994,0.94,0.796
"275","library assistants, clerical",274,NA,"Office and administrative support",5320,7.7924414,12903.52,1667,9.465255421,7.418780883,0.95,0.832
"276","loan interviewers and clerks",275,NA,"Office and administrative support",5330,7.320442,29400.77,1448,10.28877614,7.277938573,0.92,0.769
"277","new accounts clerks",276,NA,"Office and administrative support",5340,7.104762,28548.05,210,10.25934391,5.347107531,0.99,0.719
"278","human resources assistants, except payroll and timekeeping",277,NA,"Office and administrative support",5360,7.608021,29993.38,773,10.30873197,6.650279049,0.9,0.881
"279","receptionists and information clerks",278,NA,"Office and administrative support",5400,6.9092116,15400.5,15839,9.642155255,9.670230532,0.96,0.891
"280","reservation and transportation ticket agents and travel clerks",279,NA,"Office and administrative support",5410,7.4212737,28314.4,1429,10.25112579,7.264730178,0.61,0.459
"281","cargo and freight agents",280,NA,"Office and administrative support",5500,6.9540815,30367.5,196,10.32112824,5.278114659,0.99,0.278
"282","couriers and messengers",281,NA,"Office and administrative support",5510,6.7157636,23544.83,3673,10.06666154,8.208764046,0.94,0.278
"283","dispatchers",282,NA,"Office and administrative support",5520,6.8566036,29953.1,3180,10.3073881,8.064636476,0.725,0.544
"284","meter readers, utilities",283,NA,"Office and administrative support",5530,6.7286997,32450.45,446,10.38746959,6.100318952,0.85,0.541
"285","postal service clerks",284,NA,"Office and administrative support",5540,7.054525,37450.01,1779,10.53076226,7.483806688,0.95,0.541
"286","postal service mail carriers",285,NA,"Office and administrative support",5550,6.9462757,39832.64,4095,10.59244196,8.317521996,0.68,0.347
"287","postal service mail sorters, processors, and processing machine operators",286,NA,"Office and administrative support",5560,6.9656487,36395.41,1048,10.50219795,6.954638865,0.79,0.631
"288","production, planning, and expediting clerks",287,NA,"Office and administrative support",5600,7.6350346,38038.59,3488,10.54635645,8.157083785,0.88,0.436
"289","shipping, receiving, and traffic clerks",288,NA,"Office and administrative support",5610,6.2797794,22120.45,6884,10.0042578,8.836955157,0.98,0.368
"290","stock clerks and order fillers",289,NA,"Office and administrative support",5620,6.2278895,15230.08,19606,9.631027699,9.883590921,0.64,0.365
"291","weighers, measurers, checkers, and samplers, recordkeeping",290,NA,"Office and administrative support",5630,6.473175,23592.83,1137,10.06869813,7.036148494,0.95,0.487
"292","secretaries and administrative assistants",291,NA,"Office and administrative support",5700,7.1973944,24288.7,50427,10.0977665,10.82828202,0.9025,0.92775
"293","computer operators",292,NA,"Office and administrative support",5800,7.3772283,31317,1739,10.35191636,7.461065514,0.78,0.688
"294","data entry keyers",293,NA,"Office and administrative support",5810,7.14557,19937.77,5372,9.900371202,8.588955558,0.99,0.727
"295","word processors and typists",294,NA,"Office and administrative support",5820,7.1102014,19254.28,4764,9.865488653,8.46884293,0.81,0.727
"296","miscellaneous office and administrative support workers, including desktop publishers",295,NA,"Office and administrative support",5940,7.731772,27870.43,6405,10.23532155,8.764834214,0.16,0.727
"297","insurance claims and policy processing clerks",296,NA,"Office and administrative support",5840,7.3499265,29183.27,3395,10.28135088,8.13005904,0.98,0.801
"298","mail clerks and mail machine operators, except postal service",297,NA,"Office and administrative support",5850,6.570318,17751.36,1415,9.784217412,7.25488481,0.94,0.813
"299","office clerks, general",298,NA,"Office and administrative support",5860,7.117504,21376.96,16042,9.970068986,9.682965562,0.96,0.813
"300","office machine operators, except computer",299,NA,"Office and administrative support",5900,6.673145,18487.01,566,9.824823602,6.338594078,0.92,0.813
"301","proofreaders and copy markers",300,NA,"Office and administrative support",5910,8.430851,16933.94,188,9.737075171,5.236441963,0.84,0.813
"302","statistical assistants",301,NA,"Office and administrative support",5920,7.773134,30331.4,335,10.31993876,5.814130532,0.66,0.688
"303","first-line supervisors of farming, fishing, and forestry workers",302,NA,"Farming, fishing and forestry",6005,6.1312337,29957.23,762,10.30752598,6.635946556,0.57,0.181
"304","agricultural inspectors",303,NA,"Farming, fishing and forestry",6010,7.308642,35318.52,243,10.47216275,5.493061443,0.94,0.287
"305","miscellaneous agricultural workers, including animal breeders",304,NA,"Farming, fishing and forestry",6050,4.668162,14015.09,12039,9.547889885,9.395906659,0,0.287
"306","graders and sorters, agricultural products",305,NA,"Farming, fishing and forestry",6040,4.36444,11815.74,1018,9.37718782,6.925595197,0.41,0.287
"307","fishing and hunting workers",306,NA,"Farming, fishing and forestry",6100,5.7198796,11307.31,664,9.333204698,6.498282149,0.83,0.287
"308","forest and conservation workers",307,NA,"Farming, fishing and forestry",6120,6.216301,16973.17,319,9.739389141,5.765191103,0.87,0.287
"309","logging workers",308,NA,"Farming, fishing and forestry",6130,5.35042,15100.19,1190,9.622462606,7.081708586,0.84,0.017
"310","first-line supervisors of construction trades and extraction workers",309,NA,"Construction and extraction",6200,6.4337316,40983.28,10963,10.62091946,9.302281246,0.17,0.051
"311","boilermakers",310,NA,"Construction and extraction",6210,6.179487,42163.14,312,10.64930166,5.743003188,0.68,0.015
"312","brickmasons, blockmasons, stonemasons, and reinforcing iron and rebar workers",311,NA,"Construction and extraction",6220,5.394801,17920.18,2039,9.793682731,7.620214771,0.87,0.015
"313","carpenters",312,NA,"Construction and extraction",6230,5.9181347,17268.04,16234,9.756612673,9.694863087,0.72,0.031
"314","carpet, floor, and tile installers and finishers",313,NA,"Construction and extraction",6240,5.4602947,14349.76,2103,9.571488496,7.651120176,0.82,0.058
"315","cement masons, concrete finishers, and terrazzo workers",314,NA,"Construction and extraction",6250,5.265353,17840.94,863,9.789251095,6.760414691,0.91,0.047
"316","construction laborers",315,NA,"Construction and extraction",6260,5.541393,17359.57,20547,9.761899218,9.930470224,0.88,0.045
"317","paving, surfacing, and tamping equipment operators",316,NA,"Construction and extraction",6300,5.3022223,25537.42,225,10.14790011,5.416100402,0.83,0.01
"318","construction equipment operators except paving, surfacing, and tamping equipment operators",317,NA,"Construction and extraction",6320,5.806445,30145.07,4903,10.31377667,8.497602542,0.885,0.01
"319","drywall installers, ceiling tile installers, and tapers",318,NA,"Construction and extraction",6330,5.050788,14242.97,1713,9.564018731,7.446001498,0.705,0.041
"320","electricians",319,NA,"Construction and extraction",6355,6.5707808,35130.81,9042,10.4668338,9.109635668,0.15,0.029
"321","glaziers",320,NA,"Construction and extraction",6360,5.810379,29529.92,501,10.29315927,6.216606101,0.73,0.05
"322","insulation workers",321,NA,"Construction and extraction",6400,5.3656564,24536.89,495,10.10793298,6.204557763,0.735,0.05
"323","painters and paperhangers",322,NA,"Construction and extraction",6420,5.610199,13251.95,6883,9.49189999,8.836809882,0.81,0.104
"324","pipelayers, plumbers, pipefitters, and steamfitters",323,NA,"Construction and extraction",6440,6.052462,30580.84,6214,10.32812895,8.73456009,0.485,0.018
"325","plasterers and stucco masons",324,NA,"Construction and extraction",6460,4.7218046,16584.04,399,9.716196066,5.988961417,0.84,0.044
"326","roofers",325,NA,"Construction and extraction",6515,5.078937,15601.94,2559,9.655150544,7.847371836,0.9,0.044
"327","sheet metal workers",326,NA,"Construction and extraction",6520,6.090966,30424.39,1594,10.32299987,7.374001859,0.82,0.065
"328","structural iron and steel workers",327,NA,"Construction and extraction",6530,6.0131106,29147.07,839,10.28010967,6.732210706,0.83,0.065
"329","miscellaneous construction workers, including solar photovoltaic installers, septic tank servicers and sewer pipe cleaners",328,NA,"Construction and extraction",6765,5.8372483,22125.67,596,10.00449375,6.390240667,0.83,0.075
"330","helpers, construction trades",329,NA,"Construction and extraction",6600,5.273872,13936.46,953,9.542263707,6.859614904,0.786666667,0.062
"331","construction and building inspectors",330,NA,"Construction and extraction",6660,7.4616575,36312.7,1291,10.49992282,7.163172391,0.63,0.105
"332","elevator installers and repairers",331,NA,"Construction and extraction",6700,6.5903225,62789.68,310,11.04754601,5.736572297,0.39,0.105
"333","fence erectors",332,NA,"Construction and extraction",6710,5.275568,14349.18,352,9.571448077,5.863631176,0.92,0.105
"334","hazardous materials removal workers",333,NA,"Construction and extraction",6720,6.187204,26624.6,422,10.18959088,6.045005314,0.53,0.022
"335","highway maintenance workers",334,NA,"Construction and extraction",6730,6.0326295,28628.45,1563,10.26215626,7.35436233,0.87,0.022
"336","rail-track laying and maintenance equipment operators",335,NA,"Construction and extraction",6740,6.044025,39567.3,159,10.5857583,5.068904202,0.89,0.022
"337","derrick, rotary drill, and service unit operators, and roustabouts, oil, gas, and mining",336,NA,"Construction and extraction",6800,5.6356277,42293.28,494,10.65238349,6.202535517,0.735,0.022
"338","earth drillers, except oil and gas",337,NA,"Construction and extraction",6820,5.838806,37878.51,335,10.54213921,5.814130532,0.85,0.022
"339","explosives workers, ordnance handling experts, and blasters",338,NA,"Construction and extraction",6830,6.550898,35834.73,167,10.48667281,5.117993812,0.48,0.022
"340","mining machine operators",339,NA,"Construction and extraction",6840,6.0713406,45642.31,813,10.72859042,6.70073111,0.565,0.022
"341","miscellaneous extraction workers, including roof bolters and helpers",340,NA,"Construction and extraction",6940,5.745782,35805.26,889,10.48585009,6.790097236,0.606666667,0.022
"342","first-line supervisors of mechanics, installers, and repairers",341,NA,"Installation, maintenance and repair",7000,6.883188,49296.26,3664,10.8056035,8.206310726,0.003,0.071
"343","computer, automated teller, and office machine repairers",342,NA,"Installation, maintenance and repair",7010,7.517556,32518.93,2848,10.38957766,7.954372273,0.74,0.138
"344","radio and telecommunications equipment installers and repairers",343,NA,"Installation, maintenance and repair",7020,6.996084,40810.43,2043,10.61669297,7.622174595,0.645,0.059
"345","avionics technicians",344,NA,"Installation, maintenance and repair",7030,7.037657,47582.43,239,10.77021885,5.476463552,0.7,0.043
"346","electric motor, power tool, and related repairers",345,NA,"Installation, maintenance and repair",7040,6.5549874,31910.28,391,10.37068349,5.96870756,0.76,0.043
"347","electrical and electronics repairers, transportation equipment, and industrial and utility",346,NA,"Installation, maintenance and repair",7100,6.96337,44432.23,273,10.70172039,5.609471795,0.566666667,0.043
"348","electronic equipment installers and repairers, motor vehicles",347,NA,"Installation, maintenance and repair",7110,6.5549135,28875.14,173,10.2707363,5.153291595,0.61,0.043
"349","electronic home entertainment equipment installers and repairers",348,NA,"Installation, maintenance and repair",7120,6.6246457,25023.37,706,10.12756547,6.559615237,0.65,0.043
"350","security and fire alarm systems installers",349,NA,"Installation, maintenance and repair",7130,6.6991453,35026.1,585,10.46384878,6.371611847,0.82,0.043
"351","aircraft mechanics and service technicians",350,NA,"Installation, maintenance and repair",7140,6.979506,43837.26,1903,10.68823942,7.551186867,0.71,0.043
"352","automotive body and related repairers",351,NA,"Installation, maintenance and repair",7150,5.770745,25396.76,1880,10.14237689,7.539027056,0.91,0.068
"353","automotive glass installers and repairers",352,NA,"Installation, maintenance and repair",7160,6.03271,20914.95,214,9.948219493,5.365976015,0.55,0.068
"354","automotive service technicians and mechanics",353,NA,"Installation, maintenance and repair",7200,6.061156,25738.7,9484,10.15575097,9.157361447,0.59,0.025
"355","bus and truck mechanics and diesel engine specialists",354,NA,"Installation, maintenance and repair",7210,6.1262817,33626.23,3413,10.4230617,8.135346949,0.73,0.016
"356","heavy vehicle and mobile equipment service technicians and mechanics",355,NA,"Installation, maintenance and repair",7220,6.182195,37783.13,2651,10.53961799,7.882692206,0.676666667,0.023
"357","small engine mechanics",356,NA,"Installation, maintenance and repair",7240,6.0504885,20180.15,614,9.912454727,6.419994928,0.793333333,0.032
"358","miscellaneous vehicle and mobile equipment mechanics, installers, and repairers",357,NA,"Installation, maintenance and repair",7260,5.8062363,17845.94,898,9.78953131,6.800170068,0.743333333,0.032
"359","control and valve installers and repairers",358,NA,"Installation, maintenance and repair",7300,6.4117646,37369.41,255,10.52860773,5.541263545,0.77,0.032
"360","heating, air conditioning, and refrigeration mechanics and installers",359,NA,"Installation, maintenance and repair",7315,6.346701,31793.71,3865,10.36702375,8.259716961,0.65,0.023
"361","home appliance repairers",360,NA,"Installation, maintenance and repair",7320,6.3949194,25237.18,433,10.13607358,6.070737728,0.72,0.023
"362","industrial and refractory machinery mechanics",361,NA,"Installation, maintenance and repair",7330,6.361082,37301.95,4805,10.52680088,8.477412321,0.745,0.039
"363","maintenance workers, machinery",362,NA,"Installation, maintenance and repair",7350,6.3042254,33211.46,355,10.41065028,5.872117789,0.86,0.047
"364","millwrights",363,NA,"Installation, maintenance and repair",7360,6.319783,36028.62,738,10.4920689,6.603943825,0.59,0.047
"365","electrical power-line installers and repairers",364,NA,"Installation, maintenance and repair",7410,6.4466715,53821.88,1397,10.89343535,7.242082359,0.097,0.023
"366","telecommunications line installers and repairers",365,NA,"Installation, maintenance and repair",7420,6.6384697,39229.55,1856,10.57718557,7.526178913,0.49,0.053
"367","precision instrument and equipment repairers",366,NA,"Installation, maintenance and repair",7430,7.2830424,35729.15,802,10.48372216,6.687108608,0.785,0.023
"368","maintenance and repair workers, general",367,NA,"Installation, maintenance and repair",7340,6.282104,33137.9,6331,10.40843292,8.753213481,0.64,0.047
"369","miscellaneous installation, maintenance, and repair workers, including wind turbine service technicians",368,NA,"Installation, maintenance and repair",7630,6.411317,25658.15,3022,10.15261654,8.013674143,0.68,0.041
"370","coin, vending, and amusement machine servicers and repairers",369,NA,"Installation, maintenance and repair",7510,6.5984254,22488.37,508,10.02075357,6.230481448,0.94,0.459
"371","locksmiths and safe repairers",370,NA,"Installation, maintenance and repair",7540,6.4786887,24761.64,305,10.11705096,5.720311777,0.77,0.459
"372","riggers",371,NA,"Installation, maintenance and repair",7560,6.0136056,36098.64,147,10.49401047,4.990432587,0.89,0.039
"373","helpers--installation, maintenance, and repair workers",372,NA,"Installation, maintenance and repair",7610,5.631098,15033.63,328,9.618044971,5.793013608,0.79,0.459
"374","first-line supervisors of production and operating workers",373,NA,"Production",7700,6.7301755,45323.3,11211,10.72157653,9.324650718,0.016,0.235
"375","aircraft structure, surfaces, rigging, and systems assemblers",374,NA,"Production",7710,6.133858,31176.93,127,10.34743368,4.844187086,0.79,0.07
"376","electrical, electronics, and electromechanical assemblers",375,NA,"Production",7720,5.908266,20005.22,1984,9.903748518,7.592870288,0.883333333,0.459
"377","engine and other machine assemblers",376,NA,"Production",7730,6.1391754,27149.54,194,10.20911538,5.267858159,0.82,0.07
"378","structural metal fabricators and fitters",377,NA,"Production",7740,6.1815643,31081.17,358,10.34435745,5.880532986,0.41,0.07
"379","miscellaneous assemblers and fabricators",378,NA,"Production",7750,5.9098697,20069.96,12027,9.906979449,9.394909401,0.95,0.371
"380","bakers",379,NA,"Production",7800,5.9208565,15695.85,2148,9.661151625,7.672292456,0.89,0.655
"381","butchers and other meat, poultry, and fish processing workers",380,NA,"Production",7810,5.348967,20738.32,3049,9.939738476,8.022568947,0.823333333,0.276
"382","food and tobacco roasting, baking, and drying machine operators and tenders",381,NA,"Production",7830,5.8842974,20771.07,121,9.941316432,4.795790546,0.91,0.276
"383","food batchmakers",382,NA,"Production",7840,5.8915777,17538.83,1033,9.772172559,6.940222469,0.7,0.557
"384","food cooking machine operators and tenders",383,NA,"Production",7850,5.5820894,19542.01,134,9.880321786,4.8978398,0.61,0.557
"385","computer control programmers and operators",384,NA,"Production",7900,6.5814977,31220.99,908,10.3488459,6.811244379,0.61,0.078
"386","extruding and drawing machine setters, operators, and tenders, metal and plastic",385,NA,"Production",7920,6.151079,27747.48,139,10.2309003,4.934473933,0.91,0.07
"387","forging machine setters, operators, and tenders, metal and plastic",386,NA,"Production",7930,5.9791665,30035.21,96,10.31012564,4.564348191,0.93,0.07
"388","rolling machine setters, operators, and tenders, metal and plastic",387,NA,"Production",7940,5.6837606,26134.27,117,10.17100276,4.762173935,0.83,0.07
"389","machine tool cutting setters, operators, and tenders, metal and plastic",388,NA,"Production",7950,5.7381344,20814.27,1222,9.943394088,7.10824414,0.898,0.07
"390","machinists",389,NA,"Production",8030,6.2609186,34547.16,4419,10.45008063,8.393668705,0.65,0.063
"391","metal furnace operators, tenders, pourers, and casters",390,NA,"Production",8040,6.0472727,29565.2,275,10.29435327,5.616771098,0.875,0.063
"392","model makers, patternmakers, and molding machine setters, metal and plastic",391,NA,"Production",8100,5.89948,23717.12,577,10.07395243,6.357842267,0.8625,0.063
"393","miscellaneous metal workers and plastic workers, including multiple machine tool setters",392,NA,"Production",8220,5.7945867,24683.25,4766,10.11388015,8.469262658,0.892,0.063
"394","tool and die makers",393,NA,"Production",8130,6.467039,34660.66,895,10.45336061,6.796823718,0.84,0.247
"395","welding, soldering, and brazing workers",394,NA,"Production",8140,5.765284,27064.67,7328,10.20598447,8.899457906,0.775,0.058
"396","prepress technicians and workers",395,NA,"Production",8250,6.819502,21449.46,482,9.973454749,6.177944114,0.97,0.247
"397","printing press operators",396,NA,"Production",8255,6.2613373,25924.18,2602,10.1629314,7.864035659,0.83,0.247
"398","print binding and finishing workers",397,NA,"Production",8256,6.171504,19166.81,379,9.860935416,5.937536205,0.95,0.247
"399","laundry and dry-cleaning workers",398,NA,"Production",8300,5.2429285,13186.32,2404,9.486935208,7.784889296,0.71,0.745
"400","pressers, textile, garment, and related materials",399,NA,"Production",8310,4.786325,13098.26,585,9.480234676,6.371611847,0.81,0.745
"401","sewing machine operators",400,NA,"Production",8320,4.9496403,12508.3,2919,9.434147703,7.978996371,0.89,0.707
"402","shoe and leather workers",401,NA,"Production",8330,5.9565215,10250.8,138,9.23511103,4.927253685,0.52,0.707
"403","tailors, dressmakers, and sewers",402,NA,"Production",8350,5.949078,11775.42,1139,9.373769587,7.037905963,0.915,0.814
"404","textile bleaching and dyeing, and cutting machine setters, operators, and tenders",403,NA,"Production",8400,5.6792455,15681.76,159,9.660253533,5.068904202,0.96,0.814
"405","textile knitting and weaving machine setters, operators, and tenders",404,NA,"Production",8410,5.550296,14939.64,169,9.611773362,5.129898715,0.73,0.814
"406","textile winding, twisting, and drawing out machine setters, operators, and tenders",405,NA,"Production",8420,5.11399,14111.19,193,9.554723379,5.262690189,0.96,0.814
"407","miscellaneous textile, apparel, and furnishings workers except upholsterers",406,NA,"Production",8460,5.9012737,22061.21,314,10.00157614,5.749392986,0.44245,0.814
"408","upholsterers",407,NA,"Production",8450,5.611465,14727.66,471,9.597482637,6.154858094,0.39,0.814
"409","cabinetmakers and bench carpenters",408,NA,"Production",8500,6.15414,18815.9,785,9.842457536,6.665683718,0.92,0.055
"410","furniture finishers",409,NA,"Production",8510,5.5586853,15371.97,213,9.640301,5.361292166,0.87,0.055
"411","miscellaneous woodworkers, including model makers and patternmakers",410,NA,"Production",8550,6.2607656,16939.14,418,9.7373822,6.035481433,0.935,0.055
"412","sawing machine setters, operators, and tenders, wood",411,NA,"Production",8530,5.156673,16846.48,517,9.731897012,6.248042875,0.86,0.814
"413","woodworking machine setters, operators, and tenders, except sawing",412,NA,"Production",8540,5.3460317,16484.92,315,9.710201303,5.752572639,0.97,0.055
"414","power plant operators, distributors, and dispatchers",413,NA,"Production",8600,7.0249586,65636.11,601,11.09188128,6.398594935,0.745,0.073
"415","stationary engineers and boiler operators",414,NA,"Production",8610,6.722569,46910.73,1121,10.75600171,7.021976423,0.89,0.071
"416","water and wastewater treatment plant and system operators",415,NA,"Production",8620,6.758112,39799.38,1017,10.59160661,6.924612396,0.61,0.073
"417","miscellaneous plant and system operators",416,NA,"Production",8630,6.6222224,50625.66,495,10.83221384,6.204557763,0.8,0.073
"418","chemical processing machine setters, operators, and tenders",417,NA,"Production",8640,6.8702865,43309.74,663,10.67613283,6.49677499,0.82,0.073
"419","crushing, grinding, polishing, mixing, and blending workers",418,NA,"Production",8650,5.787853,27161.39,1169,10.20955176,7.063903961,0.923333333,0.155
"420","cutting workers",419,NA,"Production",8710,5.3946238,18726.2,930,9.837678892,6.835184586,0.75,0.311
"421","extruding, forming, pressing, and compacting machine setters, operators, and tenders",420,NA,"Production",8720,5.7175574,22493.66,393,10.02098877,5.973809612,0.93,0.155
"422","furnace, kiln, oven, drier, and kettle operators and tenders",421,NA,"Production",8730,6.284153,31780.33,183,10.36660282,5.209486153,0.37,0.155
"423","inspectors, testers, sorters, samplers, and weighers",422,NA,"Production",8740,6.6640196,28761.83,9697,10.26680444,9.179571838,0.98,0.39
"424","jewelers and precious stone and metal workers",423,NA,"Production",8750,6.502193,17523,456,9.771269583,6.12249281,0.95,0.46
"425","medical, dental, and ophthalmic laboratory technicians",424,NA,"Production",8760,6.8408165,27625.35,980,10.22648911,6.887552572,0.796666667,0.589
"426","packaging and filling machine operators and tenders",425,NA,"Production",8800,5.306191,17607.19,3279,9.77606262,8.095293777,0.98,0.573
"427","painting workers",426,NA,"Production",8810,5.617249,24101.51,1774,10.09002977,7.480992163,0.84,0.113
"428","miscellaneous production workers, including semiconductor processors",427,NA,"Production",8965,5.824409,24378.1,15183,10.10144047,9.62793166,0.873333333,0.444
"429","photographic process workers and processing machine operators",428,NA,"Production",8830,7.0239234,19500.26,627,9.878183078,6.440946541,0.99,0.113
"430","adhesive bonding machine operators and tenders",429,NA,"Production",8850,5.616915,21467.56,201,9.974298237,5.303304908,0.95,0.113
"431","etchers and engravers",430,NA,"Production",8910,6.714286,21059.66,119,9.955114641,4.779123493,0.98,0.113
"432","molders, shapers, and casters, except metal and plastic",431,NA,"Production",8920,6.4337897,20194.73,438,9.913176958,6.08221891,0.9,0.113
"433","paper goods machine setters, operators, and tenders",432,NA,"Production",8930,5.7105265,27176.89,380,10.21012226,5.940171253,0.67,0.113
"434","tire builders",433,NA,"Production",8940,6.177778,34600.22,180,10.45161532,5.192956851,0.94,0.113
"435","helpers--production workers",434,NA,"Production",8950,5.5061226,13495.89,735,9.510140474,6.599870499,0.66,0.444
"436","supervisors of transportation and material moving workers",435,NA,"Transportation and material moving",9000,6.8710923,41230.51,2591,10.6269338,7.859799181,0.171666667,0.255
"437","aircraft pilots and flight engineers",436,NA,"Transportation and material moving",9030,9.34624,86855.27,1782,11.37199845,7.485491608,0.365,0.083
"438","air traffic controllers and airfield operations specialists",437,NA,"Transportation and material moving",9040,7.976445,71229.34,467,11.17366009,6.146329258,0.41,0.083
"439","flight attendants",438,NA,"Transportation and material moving",9050,7.9944496,33684.82,1081,10.42480257,6.985641818,0.35,0.78
"440","ambulance drivers and attendants, except emergency medical technicians",439,NA,"Transportation and material moving",9110,6.5523257,20292.15,172,9.917989391,5.147494477,0.25,0.4665
"441","bus drivers",440,NA,"Transportation and material moving",9120,6.4255486,19867.6,7656,9.896845543,8.943244933,0.78,0.4665
"442","driver/sales workers and truck drivers",441,NA,"Transportation and material moving",9130,5.972323,26422.92,38263,10.18198709,10.55223865,0.82,0.069
"443","taxi drivers and chauffeurs",442,NA,"Transportation and material moving",9140,6.4996233,15564.44,3981,9.652744104,8.289288323,0.89,0.13
"444","locomotive engineers and operators",443,NA,"Transportation and material moving",9200,6.8414025,54905.83,599,10.91337481,6.395261598,0.935,0.4665
"445","subway, streetcar, and other rail transportation workers",444,NA,"Transportation and material moving",9260,6.327869,41390.16,122,10.63079845,4.804021045,0.845,0.4665
"446","railroad conductors and yardmasters",445,NA,"Transportation and material moving",9240,6.803502,46336.36,514,10.74368225,6.242223265,0.83,0.4665
"447","sailors and marine oilers, and ship engineers",446,NA,"Transportation and material moving",9300,6.496164,37696.91,391,10.53733341,5.96870756,0.4355,0.083
"448","ship and boat captains and operators",447,NA,"Transportation and material moving",9310,6.8453426,54468.59,569,10.90537948,6.343880434,0.445,0.083
"449","miscellaneous transportation workers, including bridge and lock tenders and traffic technicians",448,NA,"Transportation and material moving",9420,6.9458485,29928.52,277,10.30656715,5.624017506,0.935,0.135
"450","parking lot attendants",449,NA,"Transportation and material moving",9350,6.347079,13334.77,873,9.498130189,6.771935556,0.87,0.135
"451","automotive and watercraft service attendants",450,NA,"Transportation and material moving",9360,6.0614805,13489.25,1594,9.509648351,7.374001859,0.83,0.234
"452","transportation inspectors",451,NA,"Transportation and material moving",9410,6.88853,42199.92,619,10.6501736,6.428105273,0.9,0.4665
"453","transportation attendants, except flight attendants",452,NA,"Transportation and material moving",9415,6.3514285,19562.77,350,9.881383549,5.857933154,0.75,0.234
"454","conveyor operators and tenders, and hoist and winch operators",453,NA,"Transportation and material moving",9560,5.7675676,29722.92,185,10.29967374,5.220355825,0.79,0.029
"455","crane and tower operators",454,NA,"Transportation and material moving",9510,5.8410196,39650.33,824,10.58785455,6.71417053,0.9,0.029
"456","dredge, excavating, and loading machine operators",455,NA,"Transportation and material moving",9520,5.7205653,24709.39,637,10.11493861,6.456769656,0.786666667,0.022
"457","industrial truck and tractor operators",456,NA,"Transportation and material moving",9600,5.7064924,21995.52,5976,9.998594075,8.695506727,0.93,0.095
"458","cleaners of vehicles and equipment",457,NA,"Transportation and material moving",9610,5.492813,12848.46,4383,9.460979239,8.3854887,0.37,0.204
"459","laborers and freight, stock, and material movers, hand",458,NA,"Transportation and material moving",9620,5.8579183,16767.2,28012,9.727179876,10.24038827,0.85,0.242
"460","machine feeders and offbearers",459,NA,"Transportation and material moving",9630,5.8202677,19293.54,523,9.867525604,6.259581464,0.93,0.242
"461","packers and packagers, hand",460,NA,"Transportation and material moving",9640,5.163038,13222.41,5741,9.489668396,8.65538869,0.38,0.517
"462","pumping station operators",461,NA,"Transportation and material moving",9650,6.2467947,38251.28,312,10.5519323,5.743003188,0.883333333,0.365
"463","refuse and recyclable material collectors",462,NA,"Transportation and material moving",9720,5.3963366,18242.81,1201,9.811526309,7.090909822,0.93,0.128
"464","miscellaneous material moving workers, including mine shuttle car operators, and tank car, truck, and ship loaders",463,NA,"Transportation and material moving",9750,5.8695073,27963.98,751,10.23867253,6.621405652,0.545,0.193
